
--data inserting into users table

INSERT INTO Users (FirstName, LastName, Email, CreatedDateTime) VALUES
('Daniel', 'Lee', 'daniel.lee@gmail.com', '2025-07-01 09:40:00'),
('Lisa', 'Perez', 'lisa.perez@gmail.com', '2025-07-01 09:45:00'),
('Matthew', 'Thompson', 'matthew.thompson@gmail.com', '2025-07-01 09:50:00'),
('Betty', 'White', 'betty.white@gmail.com', '2025-07-01 09:55:00'),
('Anthony', 'Harris', 'anthony.harris@gmail.com', '2025-07-01 10:00:00'),
('Margaret', 'Sanchez', 'margaret.sanchez@gmail.com', '2025-07-01 10:05:00'),
('Mark', 'Clark', 'mark.clark@gmail.com', '2025-07-01 10:10:00'),
('Sandra', 'Ramirez', 'sandra.ramirez@gmail.com', '2025-07-01 10:15:00'),
('Donald', 'Lewis', 'donald.lewis@gmail.com', '2025-07-01 10:20:00'),
('Ashley', 'Robinson', 'ashley.robinson@gmail.com', '2025-07-01 10:25:00'),
('Steven', 'Walker', 'steven.walker@gmail.com', '2025-07-01 10:30:00'),
('Kimberly', 'Young', 'kimberly.young@gmail.com', '2025-07-01 10:35:00'),
('Paul', 'Allen', 'paul.allen@gmail.com', '2025-07-01 10:40:00'),
('Emily', 'King', 'emily.king@gmail.com', '2025-07-01 10:45:00'),
('Andrew', 'Wright', 'andrew.wright@gmail.com', '2025-07-01 10:50:00'),
('Donna', 'Scott', 'donna.scott@gmail.com', '2025-07-01 10:55:00'),
('Joshua', 'Torres', 'joshua.torres@gmail.com', '2025-07-01 11:00:00'),
('Carol', 'Nguyen', 'carol.nguyen@gmail.com', '2025-07-01 11:05:00'),
('Kevin', 'Hill', 'kevin.hill@gmail.com', '2025-07-01 11:10:00'),
('Michelle', 'Flores', 'michelle.flores@gmail.com', '2025-07-01 11:15:00'),
('Brian', 'Green', 'brian.green@gmail.com', '2025-07-01 11:20:00'),
('Amanda', 'Adams', 'amanda.adams@gmail.com', '2025-07-01 11:25:00'),
('George', 'Nelson', 'george.nelson@gmail.com', '2025-07-01 11:30:00'),
('Melissa', 'Baker', 'melissa.baker@gmail.com', '2025-07-01 11:35:00'),
('Edward', 'Hall', 'edward.hall@gmail.com', '2025-07-01 11:40:00'),
('Deborah', 'Rivera', 'deborah.rivera@gmail.com', '2025-07-01 11:45:00'),
('Ronald', 'Campbell', 'ronald.campbell@gmail.com', '2025-07-01 11:50:00'),
('Stephanie', 'Mitchell', 'stephanie.mitchell@gmail.com', '2025-07-01 11:55:00'),
('Timothy', 'Carter', 'timothy.carter@gmail.com', '2025-07-01 12:00:00'),
('Rebecca', 'Roberts', 'rebecca.roberts@gmail.com', '2025-07-01 12:05:00'),
('Jason', 'Gomez', 'jason.gomez@gmail.com', '2025-07-01 12:10:00'),
('Laura', 'Phillips', 'laura.phillips@gmail.com', '2025-07-01 12:15:00'),
('Jeffrey', 'Evans', 'jeffrey.evans@gmail.com', '2025-07-01 12:20:00'),
('Sharon', 'Turner', 'sharon.turner@gmail.com', '2025-07-01 12:25:00'),
('Ryan', 'Diaz', 'ryan.diaz@gmail.com', '2025-07-01 12:30:00'),
('Cynthia', 'Parker', 'cynthia.parker@gmail.com', '2025-07-01 12:35:00'),
('Jacob', 'Cruz', 'jacob.cruz@gmail.com', '2025-07-01 12:40:00'),
('Kathleen', 'Edwards', 'kathleen.edwards@gmail.com', '2025-07-01 12:45:00'),
('Gary', 'Collins', 'gary.collins@gmail.com', '2025-07-01 12:50:00'),
('Amy', 'Stewart', 'amy.stewart@gmail.com', '2025-07-01 12:55:00'),
('Nicholas', 'Sanchez', 'nicholas.sanchez@gmail.com', '2025-07-01 13:00:00'),
('Angela', 'Morris', 'angela.morris@gmail.com', '2025-07-01 13:05:00'),
('Eric', 'Rogers', 'eric.rogers@gmail.com', '2025-07-01 13:10:00'),
('Shirley', 'Reed', 'shirley.reed@gmail.com', '2025-07-01 13:15:00'),
('Jonathan', 'Cook', 'jonathan.cook@gmail.com', '2025-07-01 13:20:00'),
('Anna', 'Morgan', 'anna.morgan@gmail.com', '2025-07-01 13:25:00'),
('Stephen', 'Bell', 'stephen.bell@gmail.com', '2025-07-01 13:30:00'),
('Brenda', 'Murphy', 'brenda.murphy@gmail.com', '2025-07-01 13:35:00'),
('Larry', 'Bailey', 'larry.bailey@gmail.com', '2025-07-01 13:40:00'),
('Pamela', 'Rivera', 'pamela.rivera@gmail.com', '2025-07-01 13:45:00'),
('Justin', 'Cooper', 'justin.cooper@gmail.com', '2025-07-01 13:50:00'),
('Nicole', 'Richardson', 'nicole.richardson@gmail.com', '2025-07-01 13:55:00'),
('Scott', 'Cox', 'scott.cox@gmail.com', '2025-07-01 14:00:00'),
('Katherine', 'Howard', 'katherine.howard@gmail.com', '2025-07-01 14:05:00'),
('Benjamin', 'Ward', 'benjamin.ward@gmail.com', '2025-07-01 14:10:00'),
('Emily', 'Torres', 'emily.torres@gmail.com', '2025-07-01 14:15:00'),
('Samuel', 'Peterson', 'samuel.peterson@gmail.com', '2025-07-01 14:20:00'),
('Christine', 'Gray', 'christine.gray@gmail.com', '2025-07-01 14:25:00'),
('Frank', 'Ramirez', 'frank.ramirez@gmail.com', '2025-07-01 14:30:00'),
('Janet', 'James', 'janet.james@gmail.com', '2025-07-01 14:35:00'),
('Gregory', 'Watson', 'gregory.watson@gmail.com', '2025-07-01 14:40:00'),
('Raymond', 'Brooks', 'raymond.brooks@gmail.com', '2025-07-01 14:45:00'),
('Carolyn', 'Kelly', 'carolyn.kelly@gmail.com', '2025-07-01 14:50:00'),
('Dennis', 'Sanders', 'dennis.sanders@gmail.com', '2025-07-01 14:55:00'),
('Ruth', 'Price', 'ruth.price@gmail.com', '2025-07-01 15:00:00'),
('Jerry', 'Bennett', 'jerry.bennett@gmail.com', '2025-07-01 15:05:00'),
('Maria', 'Wood', 'maria.wood@gmail.com', '2025-07-01 15:10:00'),
('Heather', 'Barnes', 'heather.barnes@gmail.com', '2025-07-01 15:15:00'),
('Walter', 'Ross', 'walter.ross@gmail.com', '2025-07-01 15:20:00'),
('Diane', 'Henderson', 'diane.henderson@gmail.com', '2025-07-01 15:25:00'),
('Peter', 'Coleman', 'peter.coleman@gmail.com', '2025-07-01 15:30:00'),
('Martha', 'Jenkins', 'martha.jenkins@gmail.com', '2025-07-01 15:35:00'),
('Harold', 'Perry', 'harold.perry@gmail.com', '2025-07-01 15:40:00'),
('Gloria', 'Powell', 'gloria.powell@gmail.com', '2025-07-01 15:45:00'),
('Carl', 'Long', 'carl.long@gmail.com', '2025-07-01 15:50:00'),
('Kathryn', 'Patterson', 'kathryn.patterson@gmail.com', '2025-07-01 15:55:00'),
('Gerald', 'Hughes', 'gerald.hughes@gmail.com', '2025-07-01 16:00:00'),
('Joan', 'Flores', 'joan.flores@gmail.com', '2025-07-01 16:05:00'),
('Aaron', 'Washington', 'aaron.washington@gmail.com', '2025-07-01 16:10:00'),
('Evelyn', 'Butler', 'evelyn.butler@gmail.com', '2025-07-01 16:15:00'),
('Henry', 'Simmons', 'henry.simmons@gmail.com', '2025-07-01 16:20:00'),
('Judith', 'Foster', 'judith.foster@gmail.com', '2025-07-01 16:25:00'),
('Douglas', 'Gonzales', 'douglas.gonzales@gmail.com', '2025-07-01 16:30:00'),
('Megan', 'Bryant', 'megan.bryant@gmail.com', '2025-07-01 16:35:00'),
('Joe', 'Alexander', 'joe.alexander@gmail.com', '2025-07-01 16:40:00'),
('Cheryl', 'Russell', 'cheryl.russell@gmail.com', '2025-07-01 16:45:00'),
('Walter', 'Griffin', 'walter.griffin@gmail.com', '2025-07-01 16:50:00'),
('Jacqueline', 'Diaz', 'jacqueline.diaz@gmail.com', '2025-07-01 16:55:00'),
('Jeremy', 'Hayes', 'jeremy.hayes@gmail.com', '2025-07-01 17:00:00'),
('Christina', 'Myers', 'christina.myers@gmail.com', '2025-07-01 17:05:00'),
('Keith', 'Ford', 'keith.ford@gmail.com', '2025-07-01 17:10:00'),
('Kathleen', 'Hamilton', 'kathleen.hamilton@gmail.com', '2025-07-01 17:15:00');

--data insert into UserAddresses table

INSERT INTO UserAddresses (UserId, StreetAddress, City, StateProvince, PostalCode, Country) VALUES
(1, '123 Main St', 'New York', 'NY', '10001', 'USA'),
(2, '456 Oak Ave', 'Los Angeles', 'CA', '90001', 'USA'),
(3, '789 Pine Rd', 'Chicago', 'IL', '60601', 'USA'),
(4, '321 Maple St', 'Houston', 'TX', '77001', 'USA'),
(5, '654 Cedar Blvd', 'Phoenix', 'AZ', '85001', 'USA'),
(6, '987 Birch Ln', 'Philadelphia', 'PA', '19019', 'USA'),
(7, '135 Spruce Dr', 'San Antonio', 'TX', '78201', 'USA'),
(8, '246 Walnut St', 'San Diego', 'CA', '92101', 'USA'),
(9, '357 Chestnut Ave', 'Dallas', 'TX', '75201', 'USA'),
(10, '468 Aspen Rd', 'San Jose', 'CA', '95101', 'USA'),
(11, '579 Elm St', 'Austin', 'TX', '73301', 'USA'),
(12, '680 Fir Blvd', 'Jacksonville', 'FL', '32099', 'USA'),
(13, '791 Willow Ln', 'Fort Worth', 'TX', '76101', 'USA'),
(14, '802 Poplar St', 'Columbus', 'OH', '43085', 'USA'),
(15, '913 Cypress Dr', 'Charlotte', 'NC', '28201', 'USA'),
(16, '1024 Magnolia Ave', 'San Francisco', 'CA', '94101', 'USA'),
(17, '1135 Redwood Blvd', 'Indianapolis', 'IN', '46201', 'USA'),
(18, '1246 Hickory Rd', 'Seattle', 'WA', '98101', 'USA'),
(19, '1357 Sycamore St', 'Denver', 'CO', '80201', 'USA'),
(20, '1468 Cottonwood Dr', 'Washington', 'DC', '20001', 'USA'),
(21, '1579 Dogwood Ln', 'Boston', 'MA', '02101', 'USA'),
(22, '1680 Maplewood Ave', 'El Paso', 'TX', '79901', 'USA'),
(23, '1791 Juniper Blvd', 'Detroit', 'MI', '48201', 'USA'),
(24, '1802 Chestnut St', 'Nashville', 'TN', '37201', 'USA'),
(25, '1913 Beech Rd', 'Memphis', 'TN', '38101', 'USA'),
(26, '2024 Ash Dr', 'Portland', 'OR', '97201', 'USA'),
(27, '2135 Laurel St', 'Oklahoma City', 'OK', '73101', 'USA'),
(28, '2246 Hickory Ln', 'Las Vegas', 'NV', '88901', 'USA'),
(29, '2357 Maple Blvd', 'Louisville', 'KY', '40201', 'USA'),
(30, '2468 Elmwood Dr', 'Baltimore', 'MD', '21201', 'USA'),
(31, '2579 Oak St', 'Milwaukee', 'WI', '53201', 'USA'),
(32, '2680 Pine Rd', 'Albuquerque', 'NM', '87101', 'USA'),
(33, '2791 Cedar Ave', 'Tucson', 'AZ', '85701', 'USA'),
(34, '2802 Spruce Blvd', 'Fresno', 'CA', '93701', 'USA'),
(35, '2913 Birch Dr', 'Sacramento', 'CA', '94203', 'USA'),
(36, '3024 Aspen Ln', 'Mesa', 'AZ', '85201', 'USA'),
(37, '3135 Walnut St', 'Kansas City', 'MO', '64101', 'USA'),
(38, '3246 Chestnut Blvd', 'Atlanta', 'GA', '30301', 'USA'),
(39, '3357 Elm Rd', 'Omaha', 'NE', '68101', 'USA'),
(40, '3468 Fir St', 'Colorado Springs', 'CO', '80901', 'USA'),
(41, '3579 Willow Dr', 'Raleigh', 'NC', '27601', 'USA'),
(42, '3680 Poplar Ln', 'Miami', 'FL', '33101', 'USA'),
(43, '3791 Cypress Blvd', 'Long Beach', 'CA', '90801', 'USA'),
(44, '3802 Magnolia St', 'Virginia Beach', 'VA', '23450', 'USA'),
(45, '3913 Redwood Dr', 'Oakland', 'CA', '94601', 'USA'),
(46, '4024 Hickory Ln', 'Minneapolis', 'MN', '55401', 'USA'),
(47, '4135 Sycamore Blvd', 'Tulsa', 'OK', '74101', 'USA'),
(48, '4246 Cottonwood Rd', 'Arlington', 'TX', '76001', 'USA'),
(49, '4357 Dogwood St', 'New Orleans', 'LA', '70112', 'USA'),
(50, '4468 Maplewood Dr', 'Wichita', 'KS', '67201', 'USA'),
(51, '4579 Juniper Ln', 'Cleveland', 'OH', '44101', 'USA'),
(52, '4680 Chestnut Blvd', 'Tampa', 'FL', '33601', 'USA'),
(53, '4791 Beech Rd', 'Bakersfield', 'CA', '93301', 'USA'),
(54, '4802 Ash St', 'Aurora', 'CO', '80010', 'USA'),
(55, '4913 Laurel Dr', 'Anaheim', 'CA', '92801', 'USA'),
(56, '5024 Hickory Blvd', 'Santa Ana', 'CA', '92701', 'USA'),
(57, '5135 Maple Rd', 'Corpus Christi', 'TX', '78401', 'USA'),
(58, '5246 Elmwood Ln', 'Riverside', 'CA', '92501', 'USA'),
(59, '5357 Oak St', 'Lexington', 'KY', '40502', 'USA'),
(60, '5468 Pine Dr', 'St. Louis', 'MO', '63101', 'USA'),
(61, '5579 Cedar Blvd', 'Stockton', 'CA', '95201', 'USA'),
(62, '5680 Spruce St', 'Pittsburgh', 'PA', '15201', 'USA'),
(63, '5791 Birch Ln', 'Saint Paul', 'MN', '55101', 'USA'),
(64, '5802 Aspen Rd', 'Cincinnati', 'OH', '45201', 'USA'),
(65, '5913 Walnut Blvd', 'Anchorage', 'AK', '99501', 'USA'),
(66, '6024 Chestnut Dr', 'Henderson', 'NV', '89002', 'USA'),
(67, '6135 Elm St', 'Greensboro', 'NC', '27401', 'USA'),
(68, '6246 Fir Ln', 'Plano', 'TX', '75023', 'USA'),
(69, '6357 Willow Rd', 'Newark', 'NJ', '07101', 'USA'),
(70, '6468 Poplar Blvd', 'Lincoln', 'NE', '68501', 'USA'),
(71, '6579 Cypress Dr', 'Orlando', 'FL', '32801', 'USA'),
(72, '6680 Magnolia St', 'Irvine', 'CA', '92602', 'USA'),
(73, '6791 Redwood Ln', 'Toledo', 'OH', '43601', 'USA'),
(74, '6802 Hickory Blvd', 'Jersey City', 'NJ', '07302', 'USA'),
(75, '6913 Sycamore St', 'Chula Vista', 'CA', '91910', 'USA'),
(76, '7024 Cottonwood Dr', 'Durham', 'NC', '27701', 'USA'),
(77, '7135 Dogwood Rd', 'Fort Wayne', 'IN', '46801', 'USA'),
(78, '7246 Maplewood Ln', 'St. Petersburg', 'FL', '33701', 'USA'),
(79, '7357 Juniper Blvd', 'Laredo', 'TX', '78040', 'USA'),
(80, '7468 Chestnut St', 'Buffalo', 'NY', '14201', 'USA'),
(81, '7579 Beech Dr', 'Madison', 'WI', '53701', 'USA'),
(82, '7680 Ash Blvd', 'Lubbock', 'TX', '79401', 'USA'),
(83, '7791 Laurel Ln', 'Chandler', 'AZ', '85224', 'USA'),
(84, '7802 Hickory St', 'Scottsdale', 'AZ', '85251', 'USA'),
(85, '7913 Maple Rd', 'Glendale', 'CA', '91201', 'USA'),
(86, '8024 Elm Blvd', 'Reno', 'NV', '89501', 'USA'),
(87, '8135 Oak Dr', 'Norfolk', 'VA', '23501', 'USA'),
(88, '8246 Pine Ln', 'Winston-Salem', 'NC', '27101', 'USA'),
(89, '8357 Cedar St', 'North Las Vegas', 'NV', '89030', 'USA'),
(90, '8468 Spruce Dr', 'Irving', 'TX', '75060', 'USA'),
(91, '8579 Birch Blvd', 'Chesapeake', 'VA', '23320', 'USA'),
(92, '8680 Aspen Ln', 'Gilbert', 'AZ', '85233', 'USA');


--data inserting into ShippingZones table

INSERT INTO ShippingZones (ZoneName, RegionName) VALUES
('North America East', 'USA East Coast'),
('North America West', 'USA West Coast'),
('Europe Western', 'Western Europe'),
('Europe Eastern', 'Eastern Europe'),
('Asia Pacific North', 'Northern Asia Pacific'),
('Asia Pacific South', 'Southern Asia Pacific'),
('South America North', 'Northern South America'),
('South America South', 'Southern South America'),
('Middle East', 'Middle Eastern Countries'),
('Africa North', 'Northern Africa'),
('Africa South', 'Southern Africa'),
('Australia East', 'Eastern Australia'),
('Australia West', 'Western Australia'),
('Canada East', 'Eastern Canada'),
('Canada West', 'Western Canada'),
('Mexico', 'Mexico'),
('Caribbean', 'Caribbean Islands'),
('Central America', 'Central America'),
('Russia West', 'Western Russia'),
('Russia East', 'Eastern Russia'),
('India North', 'Northern India'),
('India South', 'Southern India'),
('China East', 'Eastern China'),
('China West', 'Western China'),
('Japan', 'Japan'),
('South Korea', 'South Korea'),
('New Zealand', 'New Zealand'),
('Brazil North', 'Northern Brazil'),
('Brazil South', 'Southern Brazil'),
('Argentina', 'Argentina'),
('Chile', 'Chile'),
('Colombia', 'Colombia'),
('Peru', 'Peru'),
('Venezuela', 'Venezuela'),
('Saudi Arabia', 'Saudi Arabia'),
('UAE', 'United Arab Emirates'),
('Egypt', 'Egypt'),
('Nigeria', 'Nigeria'),
('Kenya', 'Kenya'),
('South Africa', 'South Africa'),
('Morocco', 'Morocco'),
('Turkey', 'Turkey'),
('France', 'France'),
('Germany', 'Germany'),
('Italy', 'Italy'),
('Spain', 'Spain'),
('UK', 'United Kingdom'),
('Netherlands', 'Netherlands'),
('Belgium', 'Belgium'),
('Sweden', 'Sweden'),
('Norway', 'Norway'),
('Finland', 'Finland'),
('Denmark', 'Denmark'),
('Poland', 'Poland'),
('Ukraine', 'Ukraine'),
('Czech Republic', 'Czech Republic'),
('Hungary', 'Hungary'),
('Austria', 'Austria'),
('Switzerland', 'Switzerland'),
('Greece', 'Greece'),
('Portugal', 'Portugal'),
('Ireland', 'Ireland'),
('Iceland', 'Iceland'),
('Singapore', 'Singapore'),
('Malaysia', 'Malaysia'),
('Thailand', 'Thailand'),
('Vietnam', 'Vietnam'),
('Indonesia', 'Indonesia'),
('Philippines', 'Philippines'),
('Bangladesh', 'Bangladesh'),
('Pakistan', 'Pakistan'),
('Sri Lanka', 'Sri Lanka'),
('Nepal', 'Nepal'),
('Bhutan', 'Bhutan'),
('Maldives', 'Maldives'),
('Taiwan', 'Taiwan'),
('Hong Kong', 'Hong Kong'),
('Mongolia', 'Mongolia'),
('Kazakhstan', 'Kazakhstan'),
('Uzbekistan', 'Uzbekistan'),
('Turkmenistan', 'Turkmenistan'),
('Kyrgyzstan', 'Kyrgyzstan'),
('Tajikistan', 'Tajikistan'),
('Central African Republic', 'Central Africa'),
('Botswana', 'Botswana'),
('Namibia', 'Namibia'),
('Zimbabwe', 'Zimbabwe'),
('Zambia', 'Zambia');


-- data insertion in ProductCategories table

INSERT INTO ProductCategories (CategoryName) VALUES
('Electronics'),
('Computers & Accessories'),
('Smartphones & Tablets'),
('Home & Kitchen'),
('Health & Personal Care'),
('Books'),
('Toys & Games'),
('Clothing, Shoes & Jewelry'),
('Sports & Outdoors'),
('Automotive'),
('Office Products'),
('Pet Supplies'),
('Beauty & Grooming'),
('Tools & Home Improvement'),
('Grocery & Gourmet Food'),
('Baby Products'),
('Garden & Outdoor'),
('Industrial & Scientific'),
('Musical Instruments'),
('Video Games'),
('Arts, Crafts & Sewing'),
('Cell Phones & Accessories'),
('Camera & Photo'),
('Appliances'),
('Software'),
('Watches'),
('Luggage & Travel Gear'),
('Collectibles & Fine Art'),
('Handmade Products'),
('Magazine Subscriptions'),
('Gift Cards'),
('Movies & TV'),
('Musical Instruments & Gear'),
('Camera Drones'),
('Smart Home'),
('Wearable Technology'),
('Office Furniture'),
('Outdoor Recreation'),
('Hunting & Fishing'),
('Cameras & Camcorders'),
('Car Electronics'),
('Computers'),
('Kitchen & Dining'),
('Lighting & Ceiling Fans'),
('Heating, Cooling & Air Quality'),
('Major Appliances'),
('Small Appliances'),
('Vacuum Cleaners'),
('Arts & Photography'),
('Business & Industrial'),
('Costumes & Accessories'),
('Fan Shop'),
('Firearms'),
('Food Service Equipment & Supplies'),
('Furniture'),
('Gift Wrapping Supplies'),
('Gourmet Food'),
('Health Care'),
('Household Supplies'),
('Industrial Electrical'),
('Janitorial & Sanitation Supplies'),
('Lawn Mowers & Outdoor Power Tools'),
('Magazine Subscriptions'),
('Medical Supplies & Equipment'),
('Mobile Phone Accessories'),
('Motorcycle & Powersports'),
('Office Electronics'),
('Outdoor Power Tools'),
('Patio, Lawn & Garden'),
('Personal Care Appliances'),
('Pool & Spa'),
('Power & Hand Tools'),
('Safety & Security'),
('Security & Surveillance'),
('Smart Watches'),
('Software & Services'),
('Sports Collectibles'),
('Television & Video'),
('Tools & Equipment'),
('Toys'),
('Toys & Games'),
('Vacuum & Floor Care'),
('Video & Computer Games'),
('Video Projectors'),
('Water Sports'),
('Watches & Jewelry'),
('Wireless'),
('Wine & Spirits'),
('Yoga & Pilates');


--data inserting into Products table

INSERT INTO Products (ProductName, UnitPrice, CategoryId, StockQuantity) VALUES
('Wireless Mouse', 25.99, 2, 150),
('Bluetooth Headphones', 59.99, 1, 100),
('USB-C Charger', 19.99, 2, 200),
('Smartphone Case', 12.49, 3, 300),
('Stainless Steel Water Bottle', 15.99, 17, 180),
('Electric Kettle', 34.99, 4, 75),
('Organic Vitamin C', 22.99, 5, 120),
('Yoga Mat', 30.00, 87, 60),
('Gaming Keyboard', 75.00, 2, 90),
('LED Desk Lamp', 40.00, 4, 85),
('Noise Cancelling Earbuds', 99.99, 1, 50),
('Cookware Set', 120.00, 4, 40),
('Children’s Story Book', 8.99, 6, 200),
('Sports Running Shoes', 60.00, 8, 130),
('Car Phone Mount', 18.50, 10, 140),
('Office Chair', 150.00, 37, 25),
('Pet Dog Collar', 9.99, 12, 90),
('Face Moisturizer', 20.00, 13, 160),
('Cordless Drill', 85.00, 14, 70),
('Gourmet Chocolate Box', 25.00, 15, 110),
('Baby Stroller', 250.00, 16, 10),
('Garden Hose', 30.00, 17, 95),
('Microscope Kit', 120.00, 18, 20),
('Acoustic Guitar', 199.99, 19, 15),
('Video Game Console', 300.00, 20, 35),
('Painting Kit', 45.00, 21, 40),
('Smartphone Screen Protector', 10.00, 3, 250),
('DSLR Camera', 450.00, 23, 18),
('Microwave Oven', 80.00, 24, 22),
('Antivirus Software', 35.00, 25, 100),
('Luxury Watch', 1500.00, 26, 5),
('Travel Backpack', 70.00, 27, 40),
('Collector’s Comic Book', 60.00, 28, 12),
('Handmade Necklace', 45.00, 29, 30),
('Fashion Magazine Subscription', 12.00, 30, 100),
('Gift Card $50', 50.00, 31, 500),
('Blu-ray Movie Set', 40.00, 32, 60),
('Electric Keyboard', 350.00, 33, 10),
('Drone with Camera', 450.00, 34, 15),
('Smart Thermostat', 120.00, 35, 25),
('Fitness Tracker', 80.00, 36, 70),
('Ergonomic Desk', 200.00, 37, 12),
('Camping Tent', 150.00, 38, 22),
('Hunting Rifle', 600.00, 39, 8),
('Digital Camera', 300.00, 40, 20),
('Car Audio System', 120.00, 41, 30),
('Laptop Computer', 700.00, 42, 40),
('Blender', 55.00, 43, 45),
('Chandelier', 400.00, 44, 8),
('Air Purifier', 180.00, 45, 14),
('Refrigerator', 1200.00, 46, 6),
('Toaster Oven', 65.00, 47, 50),
('Vacuum Cleaner', 150.00, 48, 40),
('Art Supplies Set', 35.00, 49, 60),
('Industrial Drill', 300.00, 50, 7),
('Halloween Costume', 40.00, 51, 100),
('Sports Fan Jersey', 70.00, 52, 80),
('Handgun', 500.00, 53, 5),
('Commercial Oven', 2500.00, 54, 3),
('Office Desk', 350.00, 55, 10),
('Gift Wrapping Paper', 5.00, 56, 150),
('Specialty Coffee Beans', 20.00, 57, 130),
('First Aid Kit', 25.00, 58, 90),
('Floor Cleaner', 15.00, 59, 120),
('Industrial Generator', 1000.00, 60, 4),
('Cleaning Supplies Set', 30.00, 61, 70),
('Lawn Mower', 250.00, 62, 10),
('Science Magazine Subscription', 10.00, 63, 80),
('Wheelchair', 350.00, 64, 8),
('Phone Case', 12.00, 65, 100),
('Motorcycle Helmet', 80.00, 66, 30),
('Printer', 90.00, 67, 40),
('Chainsaw', 150.00, 68, 20),
('Garden Sprinkler', 25.00, 69, 50),
('Electric Razor', 40.00, 70, 60),
('Home Security Camera', 120.00, 71, 25),
('Smart Watch', 180.00, 72, 40),
('Accounting Software', 150.00, 73, 35),
('Baseball Collectible', 60.00, 74, 15),
('HD Television', 400.00, 75, 30),
('Power Drill', 85.00, 76, 40),
('Children’s Toy Set', 45.00, 77, 50),
('Car Vacuum Cleaner', 35.00, 78, 60),
('Video Game Disc', 60.00, 79, 90),
('Projector', 300.00, 80, 15),
('Surfboard', 500.00, 81, 8),
('Gold Necklace', 1200.00, 82, 5),
('Wireless Router', 60.00, 83, 70),
('Wine Bottle', 25.00, 84, 100),
('Yoga Blocks', 20.00, 85, 60),
('Hair Dryer', 35.00, 86, 50),
('Tablet', 250.00, 87, 45),
('Bluetooth Speaker', 90.00, 88, 80),
('Cookbook', 20.00, 89, 70);

--data inserting into Orders table

INSERT INTO Orders (UserId, OrderDateTime, ShippingAddressId, ShippingZoneId, OrderStatus) VALUES
(1, '2025-01-05 10:30:00', 1, 2, 'Processing'),
(2, '2025-01-06 14:45:00', 2, 1, 'Shipped'),
(3, '2025-01-07 09:00:00', 3, 3, 'Delivered'),
(4, '2025-01-08 16:20:00', 4, 2, 'Cancelled'),
(5, '2025-01-09 11:15:00', 5, 4, 'Processing'),
(6, '2025-01-10 13:50:00', 6, 5, 'Delivered'),
(7, '2025-01-11 15:10:00', 7, 1, 'Shipped'),
(8, '2025-01-12 12:40:00', 8, 3, 'Processing'),
(9, '2025-01-13 10:00:00', 9, 2, 'Delivered'),
(10, '2025-01-14 09:30:00', 10, 4, 'Shipped'),
(11, '2025-01-15 14:00:00', 11, 1, 'Processing'),
(12, '2025-01-16 08:25:00', 12, 5, 'Cancelled'),
(13, '2025-01-17 11:55:00', 13, 3, 'Delivered'),
(14, '2025-01-18 13:30:00', 14, 2, 'Processing'),
(15, '2025-01-19 10:45:00', 15, 4, 'Shipped'),
(16, '2025-01-20 16:10:00', 16, 1, 'Delivered'),
(17, '2025-01-21 09:20:00', 17, 5, 'Processing'),
(18, '2025-01-22 14:55:00', 18, 2, 'Cancelled'),
(19, '2025-01-23 12:30:00', 19, 3, 'Shipped'),
(20, '2025-01-24 11:15:00', 20, 4, 'Delivered'),
(21, '2025-01-25 13:00:00', 21, 1, 'Processing'),
(22, '2025-01-26 15:40:00', 22, 5, 'Shipped'),
(23, '2025-01-27 10:20:00', 23, 2, 'Delivered'),
(24, '2025-01-28 09:50:00', 24, 3, 'Cancelled'),
(25, '2025-01-29 14:10:00', 25, 4, 'Processing'),
(26, '2025-01-30 11:35:00', 26, 1, 'Delivered'),
(27, '2025-01-31 16:45:00', 27, 5, 'Shipped'),
(28, '2025-02-01 13:55:00', 28, 2, 'Processing'),
(29, '2025-02-02 10:05:00', 29, 3, 'Delivered'),
(30, '2025-02-03 15:30:00', 30, 4, 'Shipped'),
(31, '2025-02-04 09:15:00', 31, 1, 'Cancelled'),
(32, '2025-02-05 14:40:00', 32, 5, 'Processing'),
(33, '2025-02-06 11:10:00', 33, 2, 'Delivered'),
(34, '2025-02-07 16:25:00', 34, 3, 'Shipped'),
(35, '2025-02-08 12:45:00', 35, 4, 'Processing'),
(36, '2025-02-09 10:55:00', 36, 1, 'Delivered'),
(37, '2025-02-10 14:05:00', 37, 5, 'Cancelled'),
(38, '2025-02-11 09:30:00', 38, 2, 'Shipped'),
(39, '2025-02-12 15:50:00', 39, 3, 'Processing'),
(40, '2025-02-13 11:20:00', 40, 4, 'Delivered'),
(41, '2025-02-14 16:00:00', 41, 1, 'Shipped'),
(42, '2025-02-15 12:10:00', 42, 5, 'Processing'),
(43, '2025-02-16 09:40:00', 43, 2, 'Delivered'),
(44, '2025-02-17 14:30:00', 44, 3, 'Cancelled'),
(45, '2025-02-18 10:50:00', 45, 4, 'Processing'),
(46, '2025-02-19 15:15:00', 46, 1, 'Delivered'),
(47, '2025-02-20 11:35:00', 47, 5, 'Shipped'),
(48, '2025-02-21 16:45:00', 48, 2, 'Processing'),
(49, '2025-02-22 13:05:00', 49, 3, 'Delivered'),
(50, '2025-02-23 09:25:00', 50, 4, 'Shipped'),
(51, '2025-02-24 14:55:00', 51, 1, 'Cancelled'),
(52, '2025-02-25 11:15:00', 52, 5, 'Processing'),
(53, '2025-02-26 16:35:00', 53, 2, 'Delivered'),
(54, '2025-02-27 12:55:00', 54, 3, 'Shipped'),
(55, '2025-02-28 09:15:00', 55, 4, 'Processing'),
(56, '2025-03-01 14:35:00', 56, 1, 'Delivered'),
(57, '2025-03-02 11:55:00', 57, 5, 'Cancelled'),
(58, '2025-03-03 16:15:00', 58, 2, 'Shipped'),
(59, '2025-03-04 12:35:00', 59, 3, 'Processing'),
(60, '2025-03-05 09:55:00', 60, 4, 'Delivered'),
(61, '2025-03-06 15:15:00', 61, 1, 'Shipped'),
(62, '2025-03-07 11:35:00', 62, 5, 'Processing'),
(63, '2025-03-08 16:55:00', 63, 2, 'Delivered'),
(64, '2025-03-09 13:15:00', 64, 3, 'Shipped'),
(65, '2025-03-10 09:35:00', 65, 4, 'Processing'),
(66, '2025-03-11 14:55:00', 66, 1, 'Delivered'),
(67, '2025-03-12 11:15:00', 67, 5, 'Cancelled'),
(68, '2025-03-13 16:35:00', 68, 2, 'Shipped'),
(69, '2025-03-14 12:55:00', 69, 3, 'Processing'),
(70, '2025-03-15 09:15:00', 70, 4, 'Delivered'),
(71, '2025-03-16 14:35:00', 71, 1, 'Shipped'),
(72, '2025-03-17 11:55:00', 72, 5, 'Processing'),
(73, '2025-03-18 16:15:00', 73, 2, 'Delivered'),
(74, '2025-03-19 12:35:00', 74, 3, 'Shipped'),
(75, '2025-03-20 09:55:00', 75, 4, 'Processing'),
(76, '2025-03-21 15:15:00', 76, 1, 'Delivered'),
(77, '2025-03-22 11:35:00', 77, 5, 'Cancelled'),
(78, '2025-03-23 16:55:00', 78, 2, 'Shipped'),
(79, '2025-03-24 13:15:00', 79, 3, 'Processing'),
(80, '2025-03-25 09:35:00', 80, 4, 'Delivered'),
(81, '2025-03-26 14:55:00', 81, 1, 'Shipped'),
(82, '2025-03-27 11:15:00', 82, 5, 'Processing'),
(83, '2025-03-28 16:35:00', 83, 2, 'Delivered'),
(84, '2025-03-29 12:55:00', 84, 3, 'Shipped'),
(85, '2025-03-30 09:15:00', 85, 4, 'Processing'),
(86, '2025-03-31 14:35:00', 86, 1, 'Delivered'),
(87, '2025-04-01 11:55:00', 87, 5, 'Cancelled'),
(88, '2025-04-02 16:15:00', 88, 2, 'Shipped'),
(89, '2025-04-03 12:35:00', 89, 3, 'Processing');

--data inserting into OrderItems table

INSERT INTO OrderItems (OrderId, ProductId, Quantity, UnitPrice) VALUES
(1, 25, 1, 35.00),
(2, 26, 2, 1500.00),
(3, 27, 1, 70.00),
(4, 28, 3, 60.00),
(5, 29, 1, 45.00),
(6, 30, 2, 12.00),
(7, 31, 1, 50.00),
(8, 32, 4, 40.00),
(9, 33, 1, 350.00),
(10, 34, 2, 450.00),
(11, 35, 1, 120.00),
(12, 36, 1, 80.00),
(13, 37, 1, 150.00),
(14, 38, 1, 150.00),
(15, 39, 3, 600.00),
(16, 40, 1, 300.00),
(17, 41, 2, 120.00),
(18, 42, 1, 700.00),
(19, 43, 1, 55.00),
(20, 44, 1, 400.00),
(21, 45, 1, 180.00),
(22, 46, 1, 1200.00),
(23, 47, 1, 65.00),
(24, 48, 1, 150.00),
(25, 49, 1, 35.00),
(26, 50, 1, 300.00),
(27, 51, 1, 40.00),
(28, 52, 1, 70.00),
(29, 53, 2, 500.00),
(30, 54, 1, 2500.00),
(31, 55, 1, 350.00),
(32, 56, 1, 5.00),
(33, 57, 2, 20.00),
(34, 58, 1, 25.00),
(35, 59, 1, 15.00),
(36, 60, 1, 1000.00),
(37, 61, 1, 30.00),
(38, 62, 1, 250.00),
(39, 63, 1, 10.00),
(40, 64, 1, 350.00),
(41, 65, 3, 12.00),
(42, 66, 1, 80.00),
(43, 67, 1, 90.00),
(44, 68, 1, 150.00),
(45, 69, 1, 25.00),
(46, 70, 1, 40.00),
(47, 71, 1, 120.00),
(48, 72, 2, 180.00),
(49, 73, 1, 150.00),
(50, 74, 1, 60.00),
(51, 75, 1, 400.00),
(52, 76, 1, 85.00),
(53, 77, 1, 45.00),
(54, 78, 1, 35.00),
(55, 79, 1, 60.00),
(56, 80, 1, 300.00),
(57, 81, 1, 500.00),
(58, 82, 1, 1200.00),
(59, 83, 1, 60.00),
(60, 84, 1, 25.00),
(61, 85, 1, 20.00),
(62, 86, 1, 35.00),
(63, 87, 1, 250.00),
(64, 88, 1, 90.00),
(65, 89, 1, 20.00),
(66, 90, 1, 40.00),
(67, 91, 1, 50.00),
(68, 92, 1, 30.00),
(69, 93, 1, 60.00),
(70, 94, 1, 70.00),
(71, 95, 1, 25.00),
(72, 96, 1, 55.00),
(73, 97, 1, 45.00),
(74, 98, 1, 80.00),
(75, 99, 1, 150.00),
(76, 100, 1, 20.00),
(77, 101, 1, 70.00),
(78, 102, 1, 35.00),
(79, 103, 1, 25.00),
(80, 104, 1, 60.00),
(81, 105, 1, 40.00),
(82, 106, 1, 90.00),
(83, 107, 1, 75.00),
(84, 108, 1, 20.00),
(85, 109, 1, 15.00),
(86, 110, 1, 120.00),
(87, 111, 1, 200.00),
(88, 112, 1, 80.00),
(89, 113, 1, 300.00);


--data inserting into Packages table

INSERT INTO Packages (OrderId, PackageStatus, ShippedDateTime, DeliveredDateTime) VALUES
(1, 'Shipped', '2025-07-20 10:30:00', '2025-07-25 14:00:00'),
(2, 'Delivered', '2025-07-18 09:15:00', '2025-07-22 16:30:00'),
(3, 'In Transit', '2025-07-21 13:00:00', NULL),
(4, 'Pending', NULL, NULL),
(5, 'Delivered', '2025-07-15 08:45:00', '2025-07-20 11:00:00'),
(6, 'Shipped', '2025-07-19 14:20:00', NULL),
(7, 'Delivered', '2025-07-14 07:50:00', '2025-07-19 12:00:00'),
(8, 'In Transit', '2025-07-22 12:00:00', NULL),
(9, 'Shipped', '2025-07-20 09:00:00', NULL),
(10, 'Delivered', '2025-07-13 11:30:00', '2025-07-18 15:00:00'),
(11, 'Pending', NULL, NULL),
(12, 'Shipped', '2025-07-21 10:00:00', NULL),
(13, 'Delivered', '2025-07-10 14:00:00', '2025-07-15 10:00:00'),
(14, 'In Transit', '2025-07-22 09:00:00', NULL),
(15, 'Shipped', '2025-07-19 16:00:00', NULL),
(16, 'Delivered', '2025-07-11 12:00:00', '2025-07-17 18:00:00'),
(17, 'Pending', NULL, NULL),
(18, 'Shipped', '2025-07-20 08:00:00', NULL),
(19, 'Delivered', '2025-07-13 09:00:00', '2025-07-19 13:00:00'),
(20, 'In Transit', '2025-07-21 14:00:00', NULL),
(21, 'Shipped', '2025-07-18 10:00:00', NULL),
(22, 'Delivered', '2025-07-14 11:00:00', '2025-07-20 14:00:00'),
(23, 'Pending', NULL, NULL),
(24, 'Shipped', '2025-07-22 15:00:00', NULL),
(25, 'Delivered', '2025-07-10 08:00:00', '2025-07-15 09:00:00'),
(26, 'In Transit', '2025-07-19 09:00:00', NULL),
(27, 'Shipped', '2025-07-20 13:00:00', NULL),
(28, 'Delivered', '2025-07-12 10:00:00', '2025-07-16 16:00:00'),
(29, 'Pending', NULL, NULL),
(30, 'Shipped', '2025-07-21 11:00:00', NULL),
(31, 'Delivered', '2025-07-09 07:00:00', '2025-07-14 12:00:00'),
(32, 'In Transit', '2025-07-22 16:00:00', NULL),
(33, 'Shipped', '2025-07-18 08:30:00', NULL),
(34, 'Delivered', '2025-07-11 09:30:00', '2025-07-17 11:30:00'),
(35, 'Pending', NULL, NULL),
(36, 'Shipped', '2025-07-20 07:00:00', NULL),
(37, 'Delivered', '2025-07-13 08:00:00', '2025-07-19 10:00:00'),
(38, 'In Transit', '2025-07-21 12:30:00', NULL),
(39, 'Shipped', '2025-07-19 09:30:00', NULL),
(40, 'Delivered', '2025-07-15 10:30:00', '2025-07-21 13:30:00'),
(41, 'Pending', NULL, NULL),
(42, 'Shipped', '2025-07-22 14:30:00', NULL),
(43, 'Delivered', '2025-07-10 11:30:00', '2025-07-15 15:30:00'),
(44, 'In Transit', '2025-07-20 13:30:00', NULL),
(45, 'Shipped', '2025-07-18 07:30:00', NULL),
(46, 'Delivered', '2025-07-13 09:00:00', '2025-07-19 12:00:00'),
(47, 'Pending', NULL, NULL),
(48, 'Shipped', '2025-07-21 08:30:00', NULL),
(49, 'Delivered', '2025-07-14 10:30:00', '2025-07-20 14:30:00'),
(50, 'In Transit', '2025-07-19 15:30:00', NULL),
(51, 'Shipped', '2025-07-22 10:30:00', NULL),
(52, 'Delivered', '2025-07-12 12:30:00', '2025-07-17 16:30:00'),
(53, 'Pending', NULL, NULL),
(54, 'Shipped', '2025-07-20 09:30:00', NULL),
(55, 'Delivered', '2025-07-11 11:30:00', '2025-07-16 15:30:00'),
(56, 'In Transit', '2025-07-18 13:30:00', NULL),
(57, 'Shipped', '2025-07-21 14:30:00', NULL),
(58, 'Delivered', '2025-07-13 15:30:00', '2025-07-19 18:30:00'),
(59, 'Pending', NULL, NULL),
(60, 'Shipped', '2025-07-20 16:30:00', NULL),
(61, 'Delivered', '2025-07-14 08:30:00', '2025-07-20 11:30:00'),
(62, 'In Transit', '2025-07-19 09:30:00', NULL),
(63, 'Shipped', '2025-07-22 10:30:00', NULL),
(64, 'Delivered', '2025-07-12 11:30:00', '2025-07-17 14:30:00'),
(65, 'Pending', NULL, NULL),
(66, 'Shipped', '2025-07-21 13:30:00', NULL),
(67, 'Delivered', '2025-07-14 15:30:00', '2025-07-19 17:30:00'),
(68, 'In Transit', '2025-07-20 16:30:00', NULL),
(69, 'Shipped', '2025-07-18 08:30:00', NULL),
(70, 'Delivered', '2025-07-13 09:30:00', '2025-07-18 13:30:00'),
(71, 'Pending', NULL, NULL),
(72, 'Shipped', '2025-07-22 11:30:00', NULL),
(73, 'Delivered', '2025-07-19 12:30:00', '2025-07-23 16:30:00'),
(74, 'In Transit', '2025-07-20 14:30:00', NULL),
(75, 'Shipped', '2025-07-18 15:30:00', NULL),
(76, 'Delivered', '2025-07-13 16:30:00', '2025-07-19 18:30:00'),
(77, 'Pending', NULL, NULL),
(78, 'Shipped', '2025-07-21 10:30:00', NULL),
(79, 'Delivered', '2025-07-15 11:30:00', '2025-07-20 13:30:00'),
(80, 'In Transit', '2025-07-22 12:30:00', NULL),
(81, 'Shipped', '2025-07-19 14:30:00', NULL),
(82, 'Delivered', '2025-07-16 15:30:00', '2025-07-21 17:30:00'),
(83, 'Pending', NULL, NULL),
(84, 'Shipped', '2025-07-20 16:30:00', NULL),
(85, 'Delivered', '2025-07-14 08:30:00', '2025-07-18 12:30:00'),
(86, 'In Transit', '2025-07-19 09:30:00', NULL),
(87, 'Shipped', '2025-07-21 10:30:00', NULL),
(88, 'Delivered', '2025-07-15 11:30:00', '2025-07-20 14:30:00'),
(89, 'Pending', NULL, NULL);

--data inserting into PaymentMethods table

INSERT INTO PaymentMethods (UserId, PaymentType, CreatedDateTime) VALUES
(1, 'CreditCard', '2024-01-15 10:15:00'),
(2, 'DebitCard', '2024-02-20 11:30:00'),
(3, 'PayPal', '2024-03-05 14:45:00'),
(4, 'AmazonPay', '2024-01-25 09:20:00'),
(5, 'CreditCard', '2024-02-10 16:00:00'),
(6, 'DebitCard', '2024-03-12 10:10:00'),
(7, 'PayPal', '2024-04-18 15:30:00'),
(8, 'AmazonPay', '2024-05-22 08:40:00'),
(9, 'CreditCard', '2024-06-14 13:15:00'),
(10, 'DebitCard', '2024-07-01 12:00:00'),
(11, 'PayPal', '2024-01-11 14:00:00'),
(12, 'AmazonPay', '2024-02-27 09:50:00'),
(13, 'CreditCard', '2024-03-15 10:25:00'),
(14, 'DebitCard', '2024-04-20 11:55:00'),
(15, 'PayPal', '2024-05-05 14:35:00'),
(16, 'AmazonPay', '2024-06-18 16:10:00'),
(17, 'CreditCard', '2024-07-23 09:45:00'),
(18, 'DebitCard', '2024-01-29 08:30:00'),
(19, 'PayPal', '2024-02-13 15:20:00'),
(20, 'AmazonPay', '2024-03-21 12:45:00'),
(21, 'CreditCard', '2024-04-17 10:55:00'),
(22, 'DebitCard', '2024-05-30 14:15:00'),
(23, 'PayPal', '2024-06-25 16:30:00'),
(24, 'AmazonPay', '2024-07-08 09:05:00'),
(25, 'CreditCard', '2024-01-02 11:40:00'),
(26, 'DebitCard', '2024-02-15 13:20:00'),
(27, 'PayPal', '2024-03-28 15:10:00'),
(28, 'AmazonPay', '2024-04-05 10:00:00'),
(29, 'CreditCard', '2024-05-12 16:25:00'),
(30, 'DebitCard', '2024-06-29 09:30:00'),
(31, 'PayPal', '2024-07-20 14:45:00'),
(32, 'AmazonPay', '2024-01-18 08:50:00'),
(33, 'CreditCard', '2024-02-22 13:55:00'),
(34, 'DebitCard', '2024-03-14 11:15:00'),
(35, 'PayPal', '2024-04-27 10:10:00'),
(36, 'AmazonPay', '2024-05-08 16:35:00'),
(37, 'CreditCard', '2024-06-03 09:40:00'),
(38, 'DebitCard', '2024-07-15 12:50:00'),
(39, 'PayPal', '2024-01-06 14:20:00'),
(40, 'AmazonPay', '2024-02-19 10:30:00'),
(41, 'CreditCard', '2024-03-31 16:05:00'),
(42, 'DebitCard', '2024-04-09 08:55:00'),
(43, 'PayPal', '2024-05-17 13:10:00'),
(44, 'AmazonPay', '2024-06-21 11:40:00'),
(45, 'CreditCard', '2024-07-29 15:15:00'),
(46, 'DebitCard', '2024-01-04 10:05:00'),
(47, 'PayPal', '2024-02-28 09:20:00'),
(48, 'AmazonPay', '2024-03-23 16:25:00'),
(49, 'CreditCard', '2024-04-13 12:15:00'),
(50, 'DebitCard', '2024-05-19 14:00:00'),
(51, 'PayPal', '2024-06-11 10:30:00'),
(52, 'AmazonPay', '2024-07-06 08:40:00'),
(53, 'CreditCard', '2024-01-26 15:35:00'),
(54, 'DebitCard', '2024-02-08 13:25:00'),
(55, 'PayPal', '2024-03-09 11:55:00'),
(56, 'AmazonPay', '2024-04-30 14:10:00'),
(57, 'CreditCard', '2024-05-07 09:15:00'),
(58, 'DebitCard', '2024-06-22 10:45:00'),
(59, 'PayPal', '2024-07-14 16:00:00'),
(60, 'AmazonPay', '2024-01-21 12:20:00'),
(61, 'CreditCard', '2024-02-03 08:30:00'),
(62, 'DebitCard', '2024-03-26 15:50:00'),
(63, 'PayPal', '2024-04-01 11:35:00'),
(64, 'AmazonPay', '2024-05-25 13:45:00'),
(65, 'CreditCard', '2024-06-07 14:25:00'),
(66, 'DebitCard', '2024-07-18 09:05:00'),
(67, 'PayPal', '2024-01-13 10:15:00'),
(68, 'AmazonPay', '2024-02-24 16:10:00'),
(69, 'CreditCard', '2024-03-17 09:50:00'),
(70, 'DebitCard', '2024-04-29 12:40:00'),
(71, 'PayPal', '2024-05-04 14:55:00'),
(72, 'AmazonPay', '2024-06-12 10:20:00'),
(73, 'CreditCard', '2024-07-01 08:45:00'),
(74, 'DebitCard', '2024-01-10 13:35:00'),
(75, 'PayPal', '2024-02-06 11:25:00'),
(76, 'AmazonPay', '2024-03-19 15:40:00'),
(77, 'CreditCard', '2024-04-14 09:30:00'),
(78, 'DebitCard', '2024-05-27 16:15:00'),
(79, 'PayPal', '2024-06-23 14:05:00'),
(80, 'AmazonPay', '2024-07-07 12:50:00'),
(81, 'CreditCard', '2024-01-16 10:10:00'),
(82, 'DebitCard', '2024-02-11 13:55:00'),
(83, 'PayPal', '2024-03-30 15:30:00'),
(84, 'AmazonPay', '2024-04-03 08:20:00'),
(85, 'CreditCard', '2024-05-21 11:15:00'),
(86, 'DebitCard', '2024-06-09 14:35:00'),
(87, 'PayPal', '2024-07-25 16:45:00'),
(88, 'AmazonPay', '2024-01-08 09:00:00'),
(89, 'CreditCard', '2024-02-18 12:05:00');


--data inserting into AmazonPayAccounts table

INSERT INTO AmazonPayAccounts (PaymentMethodId, AmazonEmail, LinkedDateTime) VALUES
(1, 'user1.amazon@gmail.com', '2024-01-20 10:10:00'),
(2, 'user2.amazon@gmail.com', '2024-02-25 11:30:00'),
(3, 'user3.amazon@gmail.com', '2024-03-10 14:45:00'),
(4, 'user4.amazon@gmail.com', '2024-01-30 09:15:00'),
(5, 'user5.amazon@gmail.com', '2024-02-15 16:05:00'),
(6, 'user6.amazon@gmail.com', '2024-03-18 10:20:00'),
(7, 'user7.amazon@gmail.com', '2024-04-22 15:40:00'),
(8, 'user8.amazon@gmail.com', '2024-05-26 08:55:00'),
(9, 'user9.amazon@gmail.com', '2024-06-18 13:35:00'),
(10, 'user10.amazon@gmail.com', '2024-07-05 12:00:00'),
(11, 'user11.amazon@gmail.com', '2024-01-15 14:15:00'),
(12, 'user12.amazon@gmail.com', '2024-02-28 09:45:00'),
(13, 'user13.amazon@gmail.com', '2024-03-20 10:30:00'),
(14, 'user14.amazon@gmail.com', '2024-04-25 11:50:00'),
(15, 'user15.amazon@gmail.com', '2024-05-12 14:30:00'),
(16, 'user16.amazon@gmail.com', '2024-06-24 16:10:00'),
(17, 'user17.amazon@gmail.com', '2024-07-29 09:55:00'),
(18, 'user18.amazon@gmail.com', '2024-01-28 08:40:00'),
(19, 'user19.amazon@gmail.com', '2024-02-14 15:25:00'),
(20, 'user20.amazon@gmail.com', '2024-03-22 12:50:00'),
(21, 'user21.amazon@gmail.com', '2024-04-18 11:00:00'),
(22, 'user22.amazon@gmail.com', '2024-05-31 14:20:00'),
(23, 'user23.amazon@gmail.com', '2024-06-26 16:35:00'),
(24, 'user24.amazon@gmail.com', '2024-07-09 09:15:00'),
(25, 'user25.amazon@gmail.com', '2024-01-04 11:45:00'),
(26, 'user26.amazon@gmail.com', '2024-02-17 13:30:00'),
(27, 'user27.amazon@gmail.com', '2024-03-30 15:20:00'),
(28, 'user28.amazon@gmail.com', '2024-04-07 10:05:00'),
(29, 'user29.amazon@gmail.com', '2024-05-14 16:45:00'),
(30, 'user30.amazon@gmail.com', '2024-06-30 09:55:00'),
(31, 'user31.amazon@gmail.com', '2024-07-21 14:55:00'),
(32, 'user32.amazon@gmail.com', '2024-01-19 08:35:00'),
(33, 'user33.amazon@gmail.com', '2024-02-23 13:40:00'),
(34, 'user34.amazon@gmail.com', '2024-03-15 11:00:00'),
(35, 'user35.amazon@gmail.com', '2024-04-28 10:15:00'),
(36, 'user36.amazon@gmail.com', '2024-05-09 16:40:00'),
(37, 'user37.amazon@gmail.com', '2024-06-04 09:50:00'),
(38, 'user38.amazon@gmail.com', '2024-07-16 13:00:00'),
(39, 'user39.amazon@gmail.com', '2024-01-07 14:30:00'),
(40, 'user40.amazon@gmail.com', '2024-02-20 10:25:00'),
(41, 'user41.amazon@gmail.com', '2024-04-01 16:10:00'),
(42, 'user42.amazon@gmail.com', '2024-04-11 09:05:00'),
(43, 'user43.amazon@gmail.com', '2024-05-19 13:20:00'),
(44, 'user44.amazon@gmail.com', '2024-06-23 11:50:00'),
(45, 'user45.amazon@gmail.com', '2024-07-31 15:25:00'),
(46, 'user46.amazon@gmail.com', '2024-01-09 10:15:00'),
(47, 'user47.amazon@gmail.com', '2024-03-03 09:30:00'),
(48, 'user48.amazon@gmail.com', '2024-03-24 16:35:00'),
(49, 'user49.amazon@gmail.com', '2024-04-14 12:25:00'),
(50, 'user50.amazon@gmail.com', '2024-05-20 14:10:00'),
(51, 'user51.amazon@gmail.com', '2024-06-12 10:40:00'),
(52, 'user52.amazon@gmail.com', '2024-07-07 08:50:00'),
(53, 'user53.amazon@gmail.com', '2024-01-27 15:40:00'),
(54, 'user54.amazon@gmail.com', '2024-02-09 13:30:00'),
(55, 'user55.amazon@gmail.com', '2024-03-10 12:00:00'),
(56, 'user56.amazon@gmail.com', '2024-05-01 14:15:00'),
(57, 'user57.amazon@gmail.com', '2024-05-08 09:20:00'),
(58, 'user58.amazon@gmail.com', '2024-06-23 11:55:00'),
(59, 'user59.amazon@gmail.com', '2024-07-15 16:10:00'),
(60, 'user60.amazon@gmail.com', '2024-01-22 12:30:00'),
(61, 'user61.amazon@gmail.com', '2024-02-04 08:40:00'),
(62, 'user62.amazon@gmail.com', '2024-03-27 15:55:00'),
(63, 'user63.amazon@gmail.com', '2024-04-03 11:45:00'),
(64, 'user64.amazon@gmail.com', '2024-05-27 14:55:00'),
(65, 'user65.amazon@gmail.com', '2024-06-08 15:35:00'),
(66, 'user66.amazon@gmail.com', '2024-07-19 09:15:00'),
(67, 'user67.amazon@gmail.com', '2024-01-14 10:30:00'),
(68, 'user68.amazon@gmail.com', '2024-02-25 16:15:00'),
(69, 'user69.amazon@gmail.com', '2024-03-18 10:00:00'),
(70, 'user70.amazon@gmail.com', '2024-04-30 13:50:00'),
(71, 'user71.amazon@gmail.com', '2024-05-05 15:05:00'),
(72, 'user72.amazon@gmail.com', '2024-06-13 10:30:00'),
(73, 'user73.amazon@gmail.com', '2024-07-02 09:00:00'),
(74, 'user74.amazon@gmail.com', '2024-01-11 14:00:00'),
(75, 'user75.amazon@gmail.com', '2024-02-07 11:50:00'),
(76, 'user76.amazon@gmail.com', '2024-03-20 16:05:00'),
(77, 'user77.amazon@gmail.com', '2024-04-15 10:45:00'),
(78, 'user78.amazon@gmail.com', '2024-05-28 17:00:00'),
(79, 'user79.amazon@gmail.com', '2024-06-24 14:50:00'),
(80, 'user80.amazon@gmail.com', '2024-07-08 13:35:00'),
(81, 'user81.amazon@gmail.com', '2024-01-17 10:20:00'),
(82, 'user82.amazon@gmail.com', '2024-02-12 14:05:00'),
(83, 'user83.amazon@gmail.com', '2024-04-01 15:40:00'),
(84, 'user84.amazon@gmail.com', '2024-04-04 09:30:00'),
(85, 'user85.amazon@gmail.com', '2024-05-22 12:25:00'),
(86, 'user86.amazon@gmail.com', '2024-06-10 15:45:00'),
(87, 'user87.amazon@gmail.com', '2024-07-26 17:55:00'),
(88, 'user88.amazon@gmail.com', '2024-01-09 09:10:00'),
(89, 'user89.amazon@gmail.com', '2024-02-19 12:15:00');

--data inserting into Deliveries table 

INSERT INTO Deliveries (PackageId, DeliveryMethod, TrackingNumber, EstimatedDeliveryDate) VALUES
(1, 'Standard Shipping', 'TRACK000001', '2025-08-05'),
(2, 'Express Shipping', 'TRACK000002', '2025-08-02'),
(3, 'Standard Shipping', 'TRACK000003', '2025-08-06'),
(4, 'Courier', 'TRACK000004', '2025-08-03'),
(5, 'Standard Shipping', 'TRACK000005', '2025-08-05'),
(6, 'Express Shipping', 'TRACK000006', '2025-08-02'),
(7, 'Courier', 'TRACK000007', '2025-08-04'),
(8, 'Standard Shipping', 'TRACK000008', '2025-08-07'),
(9, 'Express Shipping', 'TRACK000009', '2025-08-03'),
(10, 'Courier', 'TRACK000010', '2025-08-05'),
(11, 'Standard Shipping', 'TRACK000011', '2025-08-06'),
(12, 'Express Shipping', 'TRACK000012', '2025-08-02'),
(13, 'Courier', 'TRACK000013', '2025-08-04'),
(14, 'Standard Shipping', 'TRACK000014', '2025-08-07'),
(15, 'Express Shipping', 'TRACK000015', '2025-08-03'),
(16, 'Courier', 'TRACK000016', '2025-08-05'),
(17, 'Standard Shipping', 'TRACK000017', '2025-08-06'),
(18, 'Express Shipping', 'TRACK000018', '2025-08-02'),
(19, 'Courier', 'TRACK000019', '2025-08-04'),
(20, 'Standard Shipping', 'TRACK000020', '2025-08-07'),
(21, 'Express Shipping', 'TRACK000021', '2025-08-03'),
(22, 'Courier', 'TRACK000022', '2025-08-05'),
(23, 'Standard Shipping', 'TRACK000023', '2025-08-06'),
(24, 'Express Shipping', 'TRACK000024', '2025-08-02'),
(25, 'Courier', 'TRACK000025', '2025-08-04'),
(26, 'Standard Shipping', 'TRACK000026', '2025-08-07'),
(27, 'Express Shipping', 'TRACK000027', '2025-08-03'),
(28, 'Courier', 'TRACK000028', '2025-08-05'),
(29, 'Standard Shipping', 'TRACK000029', '2025-08-06'),
(30, 'Express Shipping', 'TRACK000030', '2025-08-02'),
(31, 'Courier', 'TRACK000031', '2025-08-04'),
(32, 'Standard Shipping', 'TRACK000032', '2025-08-07'),
(33, 'Express Shipping', 'TRACK000033', '2025-08-03'),
(34, 'Courier', 'TRACK000034', '2025-08-05'),
(35, 'Standard Shipping', 'TRACK000035', '2025-08-06'),
(36, 'Express Shipping', 'TRACK000036', '2025-08-02'),
(37, 'Courier', 'TRACK000037', '2025-08-04'),
(38, 'Standard Shipping', 'TRACK000038', '2025-08-07'),
(39, 'Express Shipping', 'TRACK000039', '2025-08-03'),
(40, 'Courier', 'TRACK000040', '2025-08-05'),
(41, 'Standard Shipping', 'TRACK000041', '2025-08-06'),
(42, 'Express Shipping', 'TRACK000042', '2025-08-02'),
(43, 'Courier', 'TRACK000043', '2025-08-04'),
(44, 'Standard Shipping', 'TRACK000044', '2025-08-07'),
(45, 'Express Shipping', 'TRACK000045', '2025-08-03'),
(46, 'Courier', 'TRACK000046', '2025-08-05'),
(47, 'Standard Shipping', 'TRACK000047', '2025-08-06'),
(48, 'Express Shipping', 'TRACK000048', '2025-08-02'),
(49, 'Courier', 'TRACK000049', '2025-08-04'),
(50, 'Standard Shipping', 'TRACK000050', '2025-08-07'),
(51, 'Express Shipping', 'TRACK000051', '2025-08-03'),
(52, 'Courier', 'TRACK000052', '2025-08-05'),
(53, 'Standard Shipping', 'TRACK000053', '2025-08-06'),
(54, 'Express Shipping', 'TRACK000054', '2025-08-02'),
(55, 'Courier', 'TRACK000055', '2025-08-04'),
(56, 'Standard Shipping', 'TRACK000056', '2025-08-07'),
(57, 'Express Shipping', 'TRACK000057', '2025-08-03'),
(58, 'Courier', 'TRACK000058', '2025-08-05'),
(59, 'Standard Shipping', 'TRACK000059', '2025-08-06'),
(60, 'Express Shipping', 'TRACK000060', '2025-08-02'),
(61, 'Courier', 'TRACK000061', '2025-08-04'),
(62, 'Standard Shipping', 'TRACK000062', '2025-08-07'),
(63, 'Express Shipping', 'TRACK000063', '2025-08-03'),
(64, 'Courier', 'TRACK000064', '2025-08-05'),
(65, 'Standard Shipping', 'TRACK000065', '2025-08-06'),
(66, 'Express Shipping', 'TRACK000066', '2025-08-02'),
(67, 'Courier', 'TRACK000067', '2025-08-04'),
(68, 'Standard Shipping', 'TRACK000068', '2025-08-07'),
(69, 'Express Shipping', 'TRACK000069', '2025-08-03'),
(70, 'Courier', 'TRACK000070', '2025-08-05'),
(71, 'Standard Shipping', 'TRACK000071', '2025-08-06'),
(72, 'Express Shipping', 'TRACK000072', '2025-08-02'),
(73, 'Courier', 'TRACK000073', '2025-08-04'),
(74, 'Standard Shipping', 'TRACK000074', '2025-08-07'),
(75, 'Express Shipping', 'TRACK000075', '2025-08-03'),
(76, 'Courier', 'TRACK000076', '2025-08-05'),
(77, 'Standard Shipping', 'TRACK000077', '2025-08-06'),
(78, 'Express Shipping', 'TRACK000078', '2025-08-02'),
(79, 'Courier', 'TRACK000079', '2025-08-04'),
(80, 'Standard Shipping', 'TRACK000080', '2025-08-07'),
(81, 'Express Shipping', 'TRACK000081', '2025-08-03'),
(82, 'Courier', 'TRACK000082', '2025-08-05'),
(83, 'Standard Shipping', 'TRACK000083', '2025-08-06'),
(84, 'Express Shipping', 'TRACK000084', '2025-08-02'),
(85, 'Courier', 'TRACK000085', '2025-08-04'),
(86, 'Standard Shipping', 'TRACK000086', '2025-08-07'),
(87, 'Express Shipping', 'TRACK000087', '2025-08-03'),
(88, 'Courier', 'TRACK000088', '2025-08-05'),
(89, 'Standard Shipping', 'TRACK000089', '2025-08-06');

--data inserting into Payments table

INSERT INTO Payments (OrderId, PaymentMethod, PaymentStatus, Amount, PaymentDateTime) VALUES
(1, 'CreditCard', 'Completed', 59.99, '2025-07-20 10:15:00'),
(2, 'PayPal', 'Completed', 120.50, '2025-07-21 12:00:00'),
(3, 'AmazonPay', 'Pending', 35.00, '2025-07-22 09:30:00'),
(4, 'CreditCard', 'Completed', 299.99, '2025-07-23 11:45:00'),
(5, 'DebitCard', 'Failed', 45.00, '2025-07-24 14:10:00'),
(6, 'PayPal', 'Completed', 78.50, '2025-07-25 15:00:00'),
(7, 'CreditCard', 'Refunded', 150.00, '2025-07-26 16:20:00'),
(8, 'AmazonPay', 'Completed', 89.99, '2025-07-27 10:05:00'),
(9, 'DebitCard', 'Completed', 130.00, '2025-07-28 09:40:00'),
(10, 'CreditCard', 'Pending', 65.00, '2025-07-29 13:15:00'),
(11, 'PayPal', 'Completed', 55.00, '2025-07-30 14:00:00'),
(12, 'AmazonPay', 'Completed', 220.00, '2025-07-31 15:45:00'),
(13, 'CreditCard', 'Failed', 45.50, '2025-08-01 10:30:00'),
(14, 'DebitCard', 'Completed', 180.75, '2025-08-02 11:15:00'),
(15, 'PayPal', 'Completed', 35.99, '2025-08-03 12:50:00'),
(16, 'CreditCard', 'Completed', 99.99, '2025-08-04 13:20:00'),
(17, 'AmazonPay', 'Pending', 150.00, '2025-08-05 14:30:00'),
(18, 'DebitCard', 'Completed', 75.25, '2025-08-06 10:00:00'),
(19, 'CreditCard', 'Completed', 45.00, '2025-08-07 09:45:00'),
(20, 'PayPal', 'Refunded', 200.00, '2025-08-08 16:15:00'),
(21, 'AmazonPay', 'Completed', 59.99, '2025-08-09 10:25:00'),
(22, 'DebitCard', 'Completed', 110.00, '2025-08-10 11:10:00'),
(23, 'CreditCard', 'Completed', 95.50, '2025-08-11 14:40:00'),
(24, 'PayPal', 'Failed', 60.00, '2025-08-12 15:05:00'),
(25, 'AmazonPay', 'Completed', 180.00, '2025-08-13 16:30:00'),
(26, 'DebitCard', 'Completed', 77.99, '2025-08-14 10:55:00'),
(27, 'CreditCard', 'Completed', 140.00, '2025-08-15 09:35:00'),
(28, 'PayPal', 'Completed', 65.00, '2025-08-16 13:50:00'),
(29, 'AmazonPay', 'Pending', 90.00, '2025-08-17 14:10:00'),
(30, 'DebitCard', 'Completed', 100.00, '2025-08-18 15:40:00'),
(31, 'CreditCard', 'Completed', 55.50, '2025-08-19 10:20:00'),
(32, 'PayPal', 'Completed', 75.00, '2025-08-20 09:50:00'),
(33, 'AmazonPay', 'Completed', 125.00, '2025-08-21 14:15:00'),
(34, 'DebitCard', 'Failed', 85.00, '2025-08-22 15:30:00'),
(35, 'CreditCard', 'Completed', 99.00, '2025-08-23 16:45:00'),
(36, 'PayPal', 'Completed', 45.00, '2025-08-24 10:30:00'),
(37, 'AmazonPay', 'Completed', 130.00, '2025-08-25 11:00:00'),
(38, 'DebitCard', 'Pending', 80.00, '2025-08-26 12:20:00'),
(39, 'CreditCard', 'Completed', 60.00, '2025-08-27 13:50:00'),
(40, 'PayPal', 'Completed', 95.00, '2025-08-28 14:10:00'),
(41, 'AmazonPay', 'Refunded', 150.00, '2025-08-29 15:35:00'),
(42, 'DebitCard', 'Completed', 75.00, '2025-08-30 10:40:00'),
(43, 'CreditCard', 'Completed', 130.00, '2025-08-31 09:25:00'),
(44, 'PayPal', 'Completed', 45.00, '2025-09-01 14:55:00'),
(45, 'AmazonPay', 'Failed', 90.00, '2025-09-02 15:20:00'),
(46, 'DebitCard', 'Completed', 110.00, '2025-09-03 16:30:00'),
(47, 'CreditCard', 'Completed', 95.00, '2025-09-04 10:15:00'),
(48, 'PayPal', 'Completed', 60.00, '2025-09-05 09:50:00'),
(49, 'AmazonPay', 'Completed', 150.00, '2025-09-06 14:20:00'),
(50, 'DebitCard', 'Completed', 75.00, '2025-09-07 15:45:00'),
(51, 'CreditCard', 'Pending', 80.00, '2025-09-08 16:10:00'),
(52, 'PayPal', 'Completed', 100.00, '2025-09-09 10:30:00'),
(53, 'AmazonPay', 'Completed', 120.00, '2025-09-10 11:00:00'),
(54, 'DebitCard', 'Completed', 65.00, '2025-09-11 12:40:00'),
(55, 'CreditCard', 'Failed', 70.00, '2025-09-12 13:30:00'),
(56, 'PayPal', 'Completed', 85.00, '2025-09-13 14:45:00'),
(57, 'AmazonPay', 'Completed', 95.00, '2025-09-14 15:10:00'),
(58, 'DebitCard', 'Completed', 110.00, '2025-09-15 16:25:00'),
(59, 'CreditCard', 'Completed', 60.00, '2025-09-16 10:50:00'),
(60, 'PayPal', 'Completed', 100.00, '2025-09-17 11:20:00'),
(61, 'AmazonPay', 'Refunded', 130.00, '2025-09-18 12:45:00'),
(62, 'DebitCard', 'Completed', 90.00, '2025-09-19 13:55:00'),
(63, 'CreditCard', 'Completed', 80.00, '2025-09-20 14:30:00'),
(64, 'PayPal', 'Completed', 110.00, '2025-09-21 15:50:00'),
(65, 'AmazonPay', 'Pending', 95.00, '2025-09-22 16:15:00'),
(66, 'DebitCard', 'Completed', 75.00, '2025-09-23 10:05:00'),
(67, 'CreditCard', 'Completed', 120.00, '2025-09-24 09:40:00'),
(68, 'PayPal', 'Completed', 60.00, '2025-09-25 14:10:00'),
(69, 'AmazonPay', 'Completed', 70.00, '2025-09-26 15:35:00'),
(70, 'DebitCard', 'Failed', 95.00, '2025-09-27 16:45:00'),
(71, 'CreditCard', 'Completed', 85.00, '2025-09-28 10:20:00'),
(72, 'PayPal', 'Completed', 110.00, '2025-09-29 11:00:00'),
(73, 'AmazonPay', 'Completed', 125.00, '2025-09-30 12:15:00'),
(74, 'DebitCard', 'Completed', 60.00, '2025-10-01 13:40:00'),
(75, 'CreditCard', 'Failed', 75.00, '2025-10-02 14:25:00'),
(76, 'PayPal', 'Completed', 100.00, '2025-10-03 15:55:00'),
(77, 'AmazonPay', 'Completed', 90.00, '2025-10-04 16:30:00'),
(78, 'DebitCard', 'Completed', 80.00, '2025-10-05 10:10:00'),
(79, 'CreditCard', 'Completed', 110.00, '2025-10-06 11:50:00'),
(80, 'PayPal', 'Completed', 130.00, '2025-10-07 12:20:00'),
(81, 'AmazonPay', 'Completed', 85.00, '2025-10-08 13:40:00'),
(82, 'DebitCard', 'Completed', 75.00, '2025-10-09 14:05:00'),
(83, 'CreditCard', 'Pending', 120.00, '2025-10-10 15:15:00'),
(84, 'PayPal', 'Completed', 100.00, '2025-10-11 16:45:00'),
(85, 'AmazonPay', 'Completed', 95.00, '2025-10-12 10:20:00'),
(86, 'DebitCard', 'Completed', 110.00, '2025-10-13 11:40:00'),
(87, 'CreditCard', 'Completed', 70.00, '2025-10-14 12:55:00'),
(88, 'PayPal', 'Completed', 90.00, '2025-10-15 14:10:00'),
(89, 'AmazonPay', 'Completed', 85.00, '2025-10-16 15:30:00');
